[
{
  "model": "archive.idol",
  "pk": 1,
  "fields": {
    "name": "Suisei Hoshimachi",
    "jp_name": "\u661f\u8857\u3059\u3044\u305b\u3044",
    "channel": "https://www.youtube.com/channel/UC5CwaMl1eIgY8h02uZw7u8A",
    "channel_id": "UC5CwaMl1eIgY8h02uZw7u8A",
    "slug": "suisei-hoshimachi",
    "twitter": "https://twitter.com/suisei_hosimati",
    "group": "Hololive 2D Talent",
    "thumbnail": "https://yt3.ggpht.com/a/AATXAJzbRjSTNu3QQ7pia2yR5oVTcds7MpmeA3a1xE-h=s240-c-k-c0xffffffff-no-rj-mo"
  }
},
{
  "model": "archive.idol",
  "pk": 2,
  "fields": {
    "name": "Korone Inugami",
    "jp_name": "\u620c\u795e\u3053\u308d\u306d",
    "channel": "https://www.youtube.com/channel/UChAnqc_AY5_I3Px5dig3X1Q",
    "channel_id": "UChAnqc_AY5_I3Px5dig3X1Q",
    "slug": "korone-inugami",
    "twitter": "https://twitter.com/inugamikorone",
    "group": "Hololive Gamers",
    "thumbnail": "https://yt3.ggpht.com/a/AATXAJyvWtmcbmGiE0e1m316wI0MJN6-hGWxjhGZeCWhFA=s240-c-k-c0xffffffff-no-rj-mo"
  }
},
{
  "model": "archive.idol",
  "pk": 3,
  "fields": {
    "name": "Okayu Nekomata",
    "jp_name": "\u732b\u53c8\u304a\u304b\u3086",
    "channel": "https://www.youtube.com/channel/UCvaTdHTWBGv3MKj3KVqJVCw",
    "channel_id": "UCvaTdHTWBGv3MKj3KVqJVCw",
    "slug": "okayu-nekomata",
    "twitter": "",
    "group": "Hololive Gamers",
    "thumbnail": "https://yt3.ggpht.com/a/AATXAJxiB3oU3X4_wTHHAay43njgJgzw-2qKPeYIjDH2=s240-c-k-c0xffffffff-no-rj-mo"
  }
},
{
  "model": "archive.idol",
  "pk": 4,
  "fields": {
    "name": "Shion Murasaki",
    "jp_name": "\u7d2b\u54b2\u30b7\u30aa\u30f3",
    "channel": "https://www.youtube.com/channel/UCXTpFs_3PqI41qX2d9tL2Rw",
    "channel_id": "UCXTpFs_3PqI41qX2d9tL2Rw",
    "slug": "shion-murasaki",
    "twitter": "",
    "group": "Hololive Second Generation",
    "thumbnail": "https://yt3.ggpht.com/a/AATXAJx2dQl8H1TG2HBy9bMCMP-nHxOVXALwAJz8MFS_rA=s800-c-k-c0xffffffff-no-rj-mo"
  }
},
{
  "model": "archive.idol",
  "pk": 5,
  "fields": {
    "name": "Aqua Minato",
    "jp_name": "\u6e4a\u3042\u304f\u3042",
    "channel": "https://www.youtube.com/channel/UC1opHUrw8rvnsadT-iGp7Cg",
    "channel_id": "UC1opHUrw8rvnsadT-iGp7Cg",
    "slug": "aqua-minato",
    "twitter": "",
    "group": "Hololive Second Generation",
    "thumbnail": "https://yt3.ggpht.com/a/AATXAJxXeCPuSGxq-_NfKX4WSpCf7FtnOkPNzHd2s9Sh9g=s800-c-k-c0xffffffff-no-rj-mo"
  }
},
{
  "model": "archive.idol",
  "pk": 6,
  "fields": {
    "name": "Sora Tokino",
    "jp_name": "\u3068\u304d\u306e\u305d\u3089",
    "channel": "https://www.youtube.com/channel/UCp6993wxpyDPHUpavwDFqgg",
    "channel_id": "UCp6993wxpyDPHUpavwDFqgg",
    "slug": "sora-tokino",
    "twitter": "",
    "group": "Hololive 3D Talent",
    "thumbnail": "https://yt3.ggpht.com/a/AATXAJxvfkV0UikqTA-yx4opKjGB36TXtUG9jLX1PO1FOQ=s800-c-k-c0xffffffff-no-rj-mo"
  }
},
{
  "model": "archive.idol",
  "pk": 7,
  "fields": {
    "name": "Haato Akai",
    "jp_name": "\u8d64\u4e95\u306f\u3042\u3068",
    "channel": "https://www.youtube.com/channel/UC1CfXB_kRs3C-zaeTG3oGyg",
    "channel_id": "UC1CfXB_kRs3C-zaeTG3oGyg",
    "slug": "haato-akai",
    "twitter": "",
    "group": "Hololive First Generation",
    "thumbnail": "https://yt3.ggpht.com/a/AATXAJw3IoOJZlLAn_Eyy0r6gJHR3vt64XHfuXCailaCPw=s800-c-k-c0xffffffff-no-rj-mo"
  }
},
{
  "model": "archive.idol",
  "pk": 8,
  "fields": {
    "name": "Luna Himemori",
    "jp_name": "\u59eb\u68ee\u30eb\u30fc\u30ca",
    "channel": "https://www.youtube.com/channel/UCa9Y57gfeY0Zro_noHRVrnw",
    "channel_id": "UCa9Y57gfeY0Zro_noHRVrnw",
    "slug": "luna-himemori",
    "twitter": "",
    "group": "Hololive Fourth Generation",
    "thumbnail": "https://yt3.ggpht.com/a/AATXAJzKYMVgjGOC0-yLuJs8TidP_YB3Yks6VmDI0pgo=s800-c-k-c0xffffffff-no-rj-mo"
  }
},
{
  "model": "archive.idol",
  "pk": 9,
  "fields": {
    "name": "Marine Houshou",
    "jp_name": "\u5b9d\u9418\u30de\u30ea\u30f3",
    "channel": "https://www.youtube.com/channel/UCCzUftO8KOVkV4wQG1vkUvg",
    "channel_id": "UCCzUftO8KOVkV4wQG1vkUvg",
    "slug": "marine-houshou",
    "twitter": "",
    "group": "Hololive Third Generation",
    "thumbnail": "https://yt3.ggpht.com/a/AATXAJwYqS3nyqxwpdS648kU__gLHK_MTbEf8ojGdx0j=s800-c-k-c0xffffffff-no-rj-mo"
  }
},
{
  "model": "archive.idol",
  "pk": 10,
  "fields": {
    "name": "Roboco San",
    "jp_name": "\u30ed\u30dc\u5b50\u3055\u3093",
    "channel": "https://www.youtube.com/channel/UCDqI2jOz0weumE8s7paEk6g",
    "channel_id": "UCDqI2jOz0weumE8s7paEk6g",
    "slug": "roboco-san",
    "twitter": "",
    "group": "Hololive 3D Talent",
    "thumbnail": "https://yt3.ggpht.com/a/AATXAJzYPiWlodo92FUP3QjgI9Y0j7sQ45p0M0AruWbj9w=s800-c-k-c0xffffffff-no-rj-mo"
  }
},
{
  "model": "archive.idol",
  "pk": 11,
  "fields": {
    "name": "Flare Shiranui",
    "jp_name": "\u4e0d\u77e5\u706b\u30d5\u30ec\u30a2",
    "channel": "https://www.youtube.com/channel/UCvInZx9h3jC2JzsIzoOebWg",
    "channel_id": "UCvInZx9h3jC2JzsIzoOebWg",
    "slug": "flare-shiranui",
    "twitter": "",
    "group": "Hololive Third Generation",
    "thumbnail": "https://yt3.ggpht.com/a/AATXAJwGmRMcFMvE1JW3v152HnrXfMQxbI_Dw92KH0-CpA=s240-c-k-c0xffffffff-no-rj-mo"
  }
},
{
  "model": "archive.idol",
  "pk": 12,
  "fields": {
    "name": "Miko Sakura",
    "jp_name": "\u3055\u304f\u3089\u307f\u3053",
    "channel": "https://www.youtube.com/channel/UC-hM6YJuNYVAmUWxeIr9FeA",
    "channel_id": "UC-hM6YJuNYVAmUWxeIr9FeA",
    "slug": "miko-sakura",
    "twitter": "",
    "group": "Hololive 3D Talent",
    "thumbnail": "https://yt3.ggpht.com/a/AATXAJzQGThlJwOBuSi3n5dnysKb9GHV_qsFF1_OoluPAw=s800-c-k-c0xffffffff-no-rj-mo"
  }
},
{
  "model": "archive.idol",
  "pk": 13,
  "fields": {
    "name": "Fubuki Shirakami",
    "jp_name": "\u767d\u4e0a\u30d5\u30d6\u30ad",
    "channel": "https://www.youtube.com/channel/UCdn5BQ06XqgXoAxIhbqw5Rg",
    "channel_id": "UCdn5BQ06XqgXoAxIhbqw5Rg",
    "slug": "fubuki-shirakami",
    "twitter": "https://twitter.com/shirakamifubuki",
    "group": "Hololive First Generation",
    "thumbnail": "https://yt3.ggpht.com/a/AATXAJztvRXzNX8UtsaUZfLLBh32VBBwNPcvy_TklUjnWA=s800-c-k-c0xffffffff-no-rj-mo"
  }
},
{
  "model": "archive.idol",
  "pk": 14,
  "fields": {
    "name": "AZKi",
    "jp_name": null,
    "channel": "https://www.youtube.com/channel/UC0TXe_LYZ4scaW2XMyi5_kw",
    "channel_id": "UC0TXe_LYZ4scaW2XMyi5_kw",
    "slug": "azki",
    "twitter": "",
    "group": "INoNaKa MUSIC",
    "thumbnail": "https://yt3.ggpht.com/a/AATXAJz2wM8qDGZZDt9Uedg6AEznFZPi85WPgtkjP6-n=s800-c-k-c0xffffffff-no-rj-mo"
  }
},
{
  "model": "archive.idol",
  "pk": 15,
  "fields": {
    "name": "Matsuri Natsuiro",
    "jp_name": "\u590f\u8272\u307e\u3064\u308a",
    "channel": "https://www.youtube.com/channel/UCQ0UDLQCjY0rmuxCDE38FGg",
    "channel_id": "UCQ0UDLQCjY0rmuxCDE38FGg",
    "slug": "matsuri-natsuiro",
    "twitter": "",
    "group": "Hololive First Generation",
    "thumbnail": "https://yt3.ggpht.com/a/AATXAJw8RXWyEofFZFI5EwEb7lXDq3Cm6l0SThQxT9XG=s800-c-k-c0xffffffff-no-rj-mo"
  }
},
{
  "model": "archive.idol",
  "pk": 16,
  "fields": {
    "name": "Watame Tsunomake",
    "jp_name": "\u89d2\u5dfb\u308f\u305f\u3081",
    "channel": "https://www.youtube.com/channel/UCqm3BQLlJfvkTsX_hvm0UmA",
    "channel_id": "UCqm3BQLlJfvkTsX_hvm0UmA",
    "slug": "watame-tsunomake",
    "twitter": "",
    "group": "Hololive Fourth Generation",
    "thumbnail": "https://yt3.ggpht.com/a/AATXAJzqZYR2ukuLZqCDgdsg9eid13borfDPzVBwTIDc=s800-c-k-c0xffffffff-no-rj-mo"
  }
},
{
  "model": "archive.idol",
  "pk": 17,
  "fields": {
    "name": "Mel Yozora",
    "jp_name": "\u591c\u7a7a\u30e1\u30eb",
    "channel": "https://www.youtube.com/channel/UCD8HOxPs4Xvsm8H0ZxXGiBw",
    "channel_id": "UCD8HOxPs4Xvsm8H0ZxXGiBw",
    "slug": "mel-yozora",
    "twitter": "",
    "group": "Hololive First Generation",
    "thumbnail": "https://yt3.ggpht.com/a/AATXAJxGYXGi2fgjHoYCSuqLzsh6p-CrlNvRTRFmZmK_=s800-c-k-c0xffffffff-no-rj-mo"
  }
},
{
  "model": "archive.idol",
  "pk": 18,
  "fields": {
    "name": "Rushia Uraha",
    "jp_name": "\u6f64\u7fbd\u308b\u3057\u3042",
    "channel": "https://www.youtube.com/channel/UCl_gCybOJRIgOXw6Qb4qJzQ",
    "channel_id": "UCl_gCybOJRIgOXw6Qb4qJzQ",
    "slug": "rushia-uraha",
    "twitter": "",
    "group": "Hololive Third Generation",
    "thumbnail": "https://yt3.ggpht.com/a/AATXAJwi-Xs0ChOThMuUzFsl3cNZYgdP12Witb0cNSf9=s800-c-k-c0xffffffff-no-rj-mo"
  }
},
{
  "model": "archive.idol",
  "pk": 19,
  "fields": {
    "name": "Aki Rosenthal",
    "jp_name": "\u30a2\u30ad\u30fb\u30ed\u30fc\u30bc\u30f3\u30bf\u30fc\u30eb",
    "channel": "https://www.youtube.com/channel/UCFTLzh12_nrtzqBPsTCqenA",
    "channel_id": "UCFTLzh12_nrtzqBPsTCqenA",
    "slug": "aki-rosenthal",
    "twitter": "",
    "group": "Hololive First Generation",
    "thumbnail": "https://yt3.ggpht.com/a/AATXAJz-Y3lEysu2wkT7AdTaPU77l938jwf2p2r8hi7e=s800-c-k-c0xffffffff-no-rj-mo"
  }
},
{
  "model": "archive.idol",
  "pk": 20,
  "fields": {
    "name": "Kanata Amane",
    "jp_name": "\u5929\u97f3\u304b\u306a\u305f",
    "channel": "https://www.youtube.com/channel/UCZlDXzGoo7d44bwdNObFacg",
    "channel_id": "UCZlDXzGoo7d44bwdNObFacg",
    "slug": "kanata-amane",
    "twitter": "",
    "group": "Hololive Fourth Generation",
    "thumbnail": "https://yt3.ggpht.com/a/AATXAJwu4OylyCnOP8gGbO8hINCbwCfPzhBY5JrS0htm=s800-c-k-c0xffffffff-no-rj-mo"
  }
},
{
  "model": "archive.idol",
  "pk": 21,
  "fields": {
    "name": "Ayame  Nakiri",
    "jp_name": "\u767e\u9b3c\u3042\u3084\u3081",
    "channel": "https://www.youtube.com/channel/UC7fk0CB07ly8oSl0aqKkqFg",
    "channel_id": "UC7fk0CB07ly8oSl0aqKkqFg",
    "slug": "ayame-nakiri",
    "twitter": "",
    "group": "Hololive Second Generation",
    "thumbnail": "https://yt3.ggpht.com/a/AATXAJybvEUdsgDTZasoeAgVPHwDcWzmfLdngzWFcLx7=s800-c-k-c0xffffffff-no-rj-mo"
  }
},
{
  "model": "archive.idol",
  "pk": 22,
  "fields": {
    "name": "Towa Tokoyami",
    "jp_name": "\u5e38\u95c7\u30c8\u30ef",
    "channel": "https://www.youtube.com/channel/UC1uv2Oq6kNxgATlCiez59hw",
    "channel_id": "UC1uv2Oq6kNxgATlCiez59hw",
    "slug": "towa-tokoyami",
    "twitter": "",
    "group": "Hololive Fourth Generation",
    "thumbnail": "https://yt3.ggpht.com/a/AATXAJwvh1krTC77V1xFYngwDN4W7x96yl4WBxV5cOaA=s800-c-k-c0xffffffff-no-rj-mo"
  }
},
{
  "model": "archive.idol",
  "pk": 23,
  "fields": {
    "name": "Pekora Usada",
    "jp_name": "\u514e\u7530\u307a\u3053\u3089",
    "channel": "https://www.youtube.com/channel/UC1DCedRgGHBdm81E1llLhOQ",
    "channel_id": "UC1DCedRgGHBdm81E1llLhOQ",
    "slug": "pekora-usada",
    "twitter": "",
    "group": "Hololive Third Generation",
    "thumbnail": "https://yt3.ggpht.com/a/AATXAJwFs1D2-rT1XPz-fvlO5ZdnkKhPU-Uu6GDwNDn_FA=s800-c-k-c0xffffffff-no-rj-mo"
  }
},
{
  "model": "archive.idol",
  "pk": 24,
  "fields": {
    "name": "Yuzuki Choco",
    "jp_name": "\u7652\u6708\u3061\u3087\u3053",
    "channel": "https://www.youtube.com/channel/UC1suqwovbL1kzsoaZgFZLKg",
    "channel_id": "UC1suqwovbL1kzsoaZgFZLKg",
    "slug": "yuzuki-choco",
    "twitter": "",
    "group": "Hololive Second Generation",
    "thumbnail": "https://yt3.ggpht.com/a/AATXAJyy9e7DUSSfuWdROtr9oJxho6jVqSDhGdsRESDU=s800-c-k-c0xffffffff-no-rj-mo"
  }
},
{
  "model": "archive.idol",
  "pk": 25,
  "fields": {
    "name": "Subaru Oozora",
    "jp_name": "\u5927\u7a7a\u30b9\u30d0\u30eb",
    "channel": "https://www.youtube.com/channel/UCvzGlP9oQwU--Y0r9id_jnA",
    "channel_id": "UCvzGlP9oQwU--Y0r9id_jnA",
    "slug": "subaru-oozora",
    "twitter": "",
    "group": "Hololive Second Generation",
    "thumbnail": "https://yt3.ggpht.com/a/AATXAJx_CMc_Ne4b93d6Hr3nMSqLbijvq6UxzPO8apsk=s800-c-k-c0xffffffff-no-rj-mo"
  }
},
{
  "model": "archive.idol",
  "pk": 26,
  "fields": {
    "name": "Mio Ookami",
    "jp_name": "\u5927\u795e\u30df\u30aa",
    "channel": "https://www.youtube.com/channel/UCp-5t9SrOQwXMU7iIjQfARg",
    "channel_id": "UCp-5t9SrOQwXMU7iIjQfARg",
    "slug": "mio-ookami",
    "twitter": "",
    "group": "Hololive Gamers",
    "thumbnail": "https://yt3.ggpht.com/a/AATXAJzFpyPB7LFGFq5DIX2x7pvIblA9Ksz99TrDYvOa5w=s800-c-k-c0xffffffff-no-rj-mo"
  }
},
{
  "model": "archive.idol",
  "pk": 27,
  "fields": {
    "name": "Noel Shirogane",
    "jp_name": "\u767d\u9280\u30ce\u30a8\u30eb",
    "channel": "https://www.youtube.com/channel/UCdyqAaZDKHXg4Ahi7VENThQ",
    "channel_id": "UCdyqAaZDKHXg4Ahi7VENThQ",
    "slug": "noel-shirogane",
    "twitter": "",
    "group": "Hololive Third Generation",
    "thumbnail": "https://yt3.ggpht.com/a/AATXAJyflKVfVjZg11sLPRv8BrLT-8ltdeRcTyKTWlXV=s800-c-k-c0xffffffff-no-rj-mo"
  }
},
{
  "model": "archive.idol",
  "pk": 28,
  "fields": {
    "name": "Coco Kiryu",
    "jp_name": "\u6850\u751f\u30b3\u30b3",
    "channel": "https://www.youtube.com/channel/UCS9uQI-jC3DE0L4IpXyvr6w",
    "channel_id": "UCS9uQI-jC3DE0L4IpXyvr6w",
    "slug": "coco-kiryu",
    "twitter": "https://twitter.com/kiryucoco",
    "group": "Hololive Fourth Generation",
    "thumbnail": "https://yt3.ggpht.com/a/AATXAJxwFd_FUvvXGRPayTF_knMR03aKj-fsX7i48n35=s800-c-k-c0xffffffff-no-rj-mo"
  }
},
{
  "model": "archive.song",
  "pk": 1,
  "fields": {
    "name": "\u7d05\u84ee\u83ef",
    "romanji_name": "Gurenge",
    "translated_name": null,
    "original_artist": "LiSA",
    "romanji_original_artist": null,
    "slug": "\u7d05\u84ee\u83ef"
  }
},
{
  "model": "archive.song",
  "pk": 2,
  "fields": {
    "name": "\u6469\u8a36\u4e0d\u601d\u8b70\u30a2\u30c9\u30d9\u30f3\u30c1\u30e3\u30fc!",
    "romanji_name": "Maka Fushigi Adventure!",
    "translated_name": "Mystical Adventure!",
    "original_artist": "\u9ad8\u6a4b\u6d0b\u6a39",
    "romanji_original_artist": "Hiroki Takahashi",
    "slug": "\u6469\u8a36\u4e0d\u601d\u8b70\u30a2\u30c9\u30d9\u30f3\u30c1\u30e3\u30fc"
  }
},
{
  "model": "archive.song",
  "pk": 3,
  "fields": {
    "name": "God knows...",
    "romanji_name": null,
    "translated_name": null,
    "original_artist": "\u5e73\u91ce\u7dbe",
    "romanji_original_artist": "Aya Hirano",
    "slug": "god-knows"
  }
},
{
  "model": "archive.song",
  "pk": 4,
  "fields": {
    "name": "\u30cf\u30ca\u30de\u30eb\u2606\u30bb\u30f3\u30bb\u30a4\u30b7\u30e7\u30f3",
    "romanji_name": "hanamaru senseishon",
    "translated_name": "hanamaru sensation",
    "original_artist": "Little Non",
    "romanji_original_artist": null,
    "slug": "\u30cf\u30ca\u30de\u30eb\u30bb\u30f3\u30bb\u30a4\u30b7\u30e7\u30f3"
  }
},
{
  "model": "archive.song",
  "pk": 5,
  "fields": {
    "name": "Say!\u30d5\u30a1\u30f3\u30d5\u30a1\u30fc\u30ec!",
    "romanji_name": "Say! Fanfare!",
    "translated_name": "Say! Fanfare!",
    "original_artist": "\u767d\u4e0a\u30d5\u30d6\u30ad",
    "romanji_original_artist": "Fubuki Shirakami",
    "slug": "say\u30d5\u30a1\u30f3\u30d5\u30a1\u30fc\u30ec"
  }
},
{
  "model": "archive.stream",
  "pk": 1,
  "fields": {
    "name": "\u3010\u6b4c\u67a0\u3011\u3010\u30db\u30ed\u30e9\u30a4\u30d6 / \u661f\u8857\u3059\u3044\u305b\u3044\u3011",
    "singer": 1,
    "link": "https://www.youtube.com/watch?v=cGyPdVUaPdI",
    "youtube_id": "cGyPdVUaPdI",
    "date_posted": "2020-07-22",
    "stream_type": "Cover",
    "thumbnail": "https://i.ytimg.com/vi/cGyPdVUaPdI/hqdefault.jpg",
    "slug": "cgypdvuapdi",
    "active": true,
    "guest_singers": []
  }
},
{
  "model": "archive.stream",
  "pk": 2,
  "fields": {
    "name": "\u6b4c\u3046\uff01",
    "singer": 2,
    "link": "https://www.youtube.com/watch?v=W7AikgRaZwM",
    "youtube_id": "W7AikgRaZwM",
    "date_posted": "2020-05-24",
    "stream_type": "Playlist Based Stream",
    "thumbnail": "https://i.ytimg.com/vi/W7AikgRaZwM/hqdefault.jpg",
    "slug": "w7aikgrazwm",
    "active": false,
    "guest_singers": []
  }
},
{
  "model": "archive.stream",
  "pk": 3,
  "fields": {
    "name": "\u3010\u6b4c\u67a0\u30118000000000000000\u4eba\u611f\u8b1d\u306e\u6b4c\uff01\u3010\u30db\u30ed\u30e9\u30a4\u30d6/\u732b\u53c8\u304a\u304b\u3086\u3011",
    "singer": 3,
    "link": "https://www.youtube.com/watch?v=E9c0xon6Gpo",
    "youtube_id": "E9c0xon6Gpo",
    "date_posted": "2019-10-15",
    "stream_type": "Playlist Based Stream",
    "thumbnail": "https://i.ytimg.com/vi/E9c0xon6Gpo/hqdefault.jpg",
    "slug": "e9c0xon6gpo",
    "active": false,
    "guest_singers": []
  }
},
{
  "model": "archive.stream",
  "pk": 4,
  "fields": {
    "name": "\u3010\u6b4c\u3046\u3088\u266a\u3011\uff12\uff10\u4e07\u4eba\u3001\u307b\u3093\u3068\u306b\u307b\u3093\u3068\u306b\u3042\u308a\u304c\u3068\u304a\uff01\u307f\u3093\u306a\u5927\u597d\u304d\uff01\u3010\u620c\u795e\u3053\u308d\u306d/\u30db\u30ed\u30e9\u30a4\u30d6\u3011",
    "singer": 2,
    "link": "https://www.youtube.com/watch?v=ioBi8D9DMtI",
    "youtube_id": "ioBi8D9DMtI",
    "date_posted": "2020-02-26",
    "stream_type": "Playlist Based Stream",
    "thumbnail": "https://i.ytimg.com/vi/ioBi8D9DMtI/hqdefault.jpg",
    "slug": "iobi8d9dmti",
    "active": false,
    "guest_singers": []
  }
},
{
  "model": "archive.stream",
  "pk": 5,
  "fields": {
    "name": "-ERROR/\u5e38\u95c7\u30c8\u30ef(cover)",
    "singer": 22,
    "link": "https://www.youtube.com/watch?v=3UV8OZj2olg",
    "youtube_id": "3UV8OZj2olg",
    "date_posted": "2020-07-26",
    "stream_type": "Original Song",
    "thumbnail": "https://i.ytimg.com/vi/3UV8OZj2olg/hqdefault.jpg",
    "slug": "3uv8ozj2olg",
    "active": true,
    "guest_singers": []
  }
},
{
  "model": "archive.stream",
  "pk": 6,
  "fields": {
    "name": "\u30c7\u30a3\u30b9\u30b3\u30df\u30e5\u661f\u4eba/\u514e\u7530\u307a\u3053\u3089(cover)",
    "singer": 23,
    "link": "https://www.youtube.com/watch?v=AAr2lHZLNyU",
    "youtube_id": "AAr2lHZLNyU",
    "date_posted": "2020-04-04",
    "stream_type": "Cover",
    "thumbnail": "https://i.ytimg.com/vi/AAr2lHZLNyU/hqdefault.jpg",
    "slug": "aar2lhzlnyu",
    "active": true,
    "guest_singers": []
  }
},
{
  "model": "archive.stream",
  "pk": 7,
  "fields": {
    "name": "Snow Song Show / pekomiko (Cover)",
    "singer": 12,
    "link": "https://www.youtube.com/watch?v=9nNnBrvMr5M",
    "youtube_id": "9nNnBrvMr5M",
    "date_posted": "2019-12-25",
    "stream_type": "Cover",
    "thumbnail": "https://i.ytimg.com/vi/9nNnBrvMr5M/hqdefault.jpg",
    "slug": "9nnnbrvmr5m",
    "active": false,
    "guest_singers": [
      23
    ]
  }
},
{
  "model": "archive.stream",
  "pk": 8,
  "fields": {
    "name": "\u3010\u6b4c\u3063\u3066\u307f\u305f\u3011Snow Song Show\u3010\u7d2b\u54b2\u30b7\u30aa\u30f3\u3011",
    "singer": 4,
    "link": "https://www.youtube.com/watch?v=SaeneqnBfjE",
    "youtube_id": "SaeneqnBfjE",
    "date_posted": "2018-12-25",
    "stream_type": "Cover",
    "thumbnail": "https://i.ytimg.com/vi/SaeneqnBfjE/hqdefault.jpg",
    "slug": "saeneqnbfje",
    "active": false,
    "guest_singers": []
  }
},
{
  "model": "archive.stream",
  "pk": 9,
  "fields": {
    "name": "\u3010\u30e9\u30d6\u30e9\u30d6\u3067\u3011\u30b9\u30ad\u30ad\u30e9\u30a4\uff0f\u7d2b\u54b2\u30b7\u30aa\u30f3\u00d7\u732b\u53c8\u304a\u304b\u3086\u3010\u6b4c\u3063\u3066\u307f\u305f\u3011",
    "singer": 4,
    "link": "https://www.youtube.com/watch?v=hTBJMFkchqk",
    "youtube_id": "hTBJMFkchqk",
    "date_posted": "2019-08-14",
    "stream_type": "Cover",
    "thumbnail": "https://i.ytimg.com/vi/hTBJMFkchqk/hqdefault.jpg",
    "slug": "htbjmfkchqk",
    "active": false,
    "guest_singers": [
      3
    ]
  }
},
{
  "model": "archive.stream",
  "pk": 10,
  "fields": {
    "name": "\u3010\u6b4c\u3063\u3066\u307f\u305f\u3011Mrs.Pumpkin\u306e\u6ed1\u7a3d\u306a\u5922\uff0f\u7d2b\u54b2\u30b7\u30aa\u30f3\u00d7\u732b\u53c8\u304a\u304b\u3086\u3010\u30cf\u30ed\u30a6\u30a3\u30f3\u3011",
    "singer": 4,
    "link": "https://www.youtube.com/watch?v=OtpqIXEkMQA",
    "youtube_id": "OtpqIXEkMQA",
    "date_posted": "2019-10-31",
    "stream_type": "Original Song",
    "thumbnail": "https://i.ytimg.com/vi/OtpqIXEkMQA/hqdefault.jpg",
    "slug": "otpqixekmqa",
    "active": true,
    "guest_singers": [
      3
    ]
  }
},
{
  "model": "archive.stream",
  "pk": 11,
  "fields": {
    "name": "Love Trial - Inugami Korone ver.",
    "singer": 2,
    "link": "https://www.youtube.com/watch?v=G49bAinM6Lc",
    "youtube_id": "G49bAinM6Lc",
    "date_posted": "2020-02-22",
    "stream_type": "Cover",
    "thumbnail": "https://i.ytimg.com/vi/G49bAinM6Lc/hqdefault.jpg",
    "slug": "g49bainm6lc",
    "active": true,
    "guest_singers": []
  }
},
{
  "model": "archive.stream",
  "pk": 12,
  "fields": {
    "name": "\u96d1\u8ac7\u3001\u3068\u304d\u3069\u304d\u3001\u6b4c",
    "singer": 2,
    "link": "https://www.youtube.com/watch?v=9aVJtrwPk6U",
    "youtube_id": "9aVJtrwPk6U",
    "date_posted": "2020-07-31",
    "stream_type": "Playlist Based Stream",
    "thumbnail": "https://i.ytimg.com/vi/9aVJtrwPk6U/hqdefault.jpg",
    "slug": "9avjtrwpk6u",
    "active": true,
    "guest_singers": []
  }
},
{
  "model": "archive.stream",
  "pk": 13,
  "fields": {
    "name": "comet/Hoshimati Suisei",
    "singer": 1,
    "link": "https://www.youtube.com/watch?v=3cqV5BKJHyk",
    "youtube_id": "3cqV5BKJHyk",
    "date_posted": "2018-11-22",
    "stream_type": "Original Song",
    "thumbnail": "https://i.ytimg.com/vi/3cqV5BKJHyk/hqdefault.jpg",
    "slug": "3cqv5bkjhyk",
    "active": true,
    "guest_singers": []
  }
},
{
  "model": "archive.stream",
  "pk": 14,
  "fields": {
    "name": "Say!\u30d5\u30a1\u30f3\u30d5\u30a1\u30fc\u30ec!/\u767d\u4e0a\u30d5\u30d6\u30ad\u3010\u30aa\u30ea\u30b8\u30ca\u30eb\u66f2\u3011",
    "singer": 13,
    "link": "https://www.youtube.com/watch?v=pFgUluV_00s",
    "youtube_id": "pFgUluV_00s",
    "date_posted": "2020-01-23",
    "stream_type": "Original Song",
    "thumbnail": "https://i.ytimg.com/vi/pFgUluV_00s/hqdefault.jpg",
    "slug": "pfguluv_00s",
    "active": true,
    "guest_singers": []
  }
},
{
  "model": "archive.streamtrack",
  "pk": 1,
  "fields": {
    "stream": 2,
    "song": 2,
    "position": 22,
    "timestamp": 8069
  }
},
{
  "model": "archive.streamtrack",
  "pk": 2,
  "fields": {
    "stream": 3,
    "song": 3,
    "position": 9,
    "timestamp": null
  }
},
{
  "model": "archive.streamtrack",
  "pk": 3,
  "fields": {
    "stream": 4,
    "song": 3,
    "position": 12,
    "timestamp": null
  }
},
{
  "model": "archive.streamtrack",
  "pk": 4,
  "fields": {
    "stream": 2,
    "song": 4,
    "position": 17,
    "timestamp": 6067
  }
},
{
  "model": "archive.streamtrack",
  "pk": 5,
  "fields": {
    "stream": 14,
    "song": 5,
    "position": 1,
    "timestamp": null
  }
}
]
